redetects,prop,calf,DetNum,cs.prop,prop.sq
1,0.918508729,1,1,1.018595214,1.403577819
0,0.730410727,1,3,0.628785971,0.681841865
0,0.748842571,1,4,0.666983629,0.745288128
1,0.795173071,1,5,0.762997712,0.911749473
0,0.371014612,1,6,-0.116016877,-0.239292867
0,0.17736203,1,8,-0.517337282,-0.486406642
0,0.436547566,1,9,0.019791856,-0.116143996
1,0.114288277,1,10,-0.648049632,-0.529212758
0,0.455935686,1,11,0.059971274,-0.075878738
0,0.699901438,1,12,0.565559341,0.580297077
0,0.110320095,1,13,-0.656273186,-0.531286775
0,0.445477435,1,14,0.038297876,-0.097815759
0,0.565072429,1,15,0.286143327,0.183416714
0,0.246622649,1,17,-0.373803437,-0.418073522
0,0.56287051,1,18,0.281580129,0.177637308
1,0.772922044,1,20,0.716885282,0.830556736
0,0.914246906,1,21,1.009763127,1.385401971
1,0.888113936,1,24,0.955605862,1.275798267
0,0.372213242,1,25,-0.113532868,-0.237219854
0,0.49462042,1,26,0.140140477,0.009689401
1,0.86701614,1,30,0.911883357,1.18963124
0,0.662705936,1,31,0.488476382,0.462358503
1,0.036225714,1,32,-0.809824389,-0.556553758
1,0.737125671,1,33,0.642701841,0.704773023
1,0.033976004,1,34,-0.814486628,-0.556921268
0,0.157713269,1,36,-0.558056846,-0.501727119
0,0.425303596,1,37,-0.003509845,-0.138694003
0,0.197233003,1,38,-0.476157212,-0.469085526
0,0.518300337,1,39,0.189214101,0.065504328
0,0.625450724,1,40,0.411269682,0.350684923
1,0.926259112,1,41,1.0346569,1.43684834
0,0.033503782,1,42,-0.815465248,-0.556995419
0,0.284429472,1,43,-0.295453593,-0.371353607
0,0.605788296,1,44,0.370521795,0.29435045
1,0.078931072,1,45,-0.721322953,-0.545110054
1,0.821524733,1,46,0.817608188,1.010885515
3,0.276323381,1,47,-0.312252438,-0.381930976
0,0.784581436,1,48,0.741047892,0.872813832
0,0.329474275,1,49,-0.202103954,-0.307004919
1,0.668296872,1,50,0.500062888,0.479674926
1,0.152134743,1,51,-0.569617633,-0.505749312
1,0.385866969,1,52,-0.085237251,-0.213134054
1,0.740329273,1,53,0.649340899,0.715787085
0,0.37427977,1,58,-0.109250251,-0.233630125
2,0.989111298,1,59,1.16491008,1.716983665
0,0.577827,1,60,0.312575557,0.217337709
0,0.59981513,1,61,0.358143167,0.277593161
1,0.423980954,1,62,-0.006250853,-0.14130791
1,0.479864229,1,65,0.109560144,-0.02377199
1,0.270056637,1,66,-0.32523947,-0.389898649
0,0.458745719,1,67,0.065794711,-0.069897708
0,0.287978753,1,68,-0.288098159,-0.366626004
0,0.198428734,1,69,-0.473679211,-0.467984615
0,0.450620015,1,70,0.048955221,-0.087092396
0,0.643561765,1,71,0.448802517,0.404166478
1,0.646047734,1,72,0.453954372,0.411626646
2,0.742707911,1,73,0.654270325,0.723995799
3,0.98489238,1,74,1.156166908,1.697604112
2,0.771002829,1,75,0.712907952,0.823661574
0,0.600622544,1,76,0.35981643,0.279848597
0,0.055123642,1,77,-0.770660831,-0.552536642
0,0.059822906,1,78,-0.760922203,-0.551279685
0,0.04425151,1,80,-0.793191945,-0.555050769
0,0.381562442,1,85,-0.094157837,-0.220821084
0,0.96314144,1,86,1.111090845,1.599005855
1,0.924648689,1,87,1.031319502,1.429912174
2,0.84917603,1,88,0.874911993,1.118385621
1,0.749696396,1,89,0.668753073,0.74826549
0,0.645721217,1,90,0.453277707,0.410645158
2,0.700524259,1,91,0.566850058,0.582326713
1,0.639912759,1,92,0.441240415,0.393268233
0,0.630134692,1,93,0.420976612,0.364370241
2,0.823095522,1,94,0.820863449,1.016896951
2,0.827763804,1,95,0.830537871,1.034830319
0,0.734054306,1,96,0.636336826,0.694258443
0,0.476932943,1,97,0.103485425,-0.030298376
1,0.326915031,1,99,-0.207407663,-0.31091394
1,0.618965774,1,100,0.397830446,0.331906154
0,0.195294091,1,101,-0.480175361,-0.470856542
1,0.210893892,1,103,-0.447846752,-0.456111675
0,0.56295467,1,105,0.28175454,0.177857789
0,0.147892487,1,106,-0.578409171,-0.508711088
0,0.371629845,1,107,-0.114741884,-0.238229666
0,0.186410896,1,108,-0.498584655,-0.47874681
0,0.646781937,1,110,0.455475915,0.413835425
0,0.080164503,1,111,-0.718766824,-0.544653421
1,0.483989434,1,112,0.118109108,-0.014519655
1,0.601430356,1,113,0.361490518,0.282108182
2,0.941353677,1,114,1.06593847,1.502448086
0,0.140182824,1,115,-0.594386469,-0.513879251
1,0.939488952,1,116,1.062074065,1.494286737
0,0.689127752,1,117,0.543232244,0.545473739
0,0.860154079,1,118,0.897662606,1.162051864
2,0.824484499,1,119,0.823741928,1.022222155
4,0.839002635,1,120,0.853828922,1.078420694
0,0.622432538,1,122,0.405014875,0.341920674
0,0.373763771,1,124,-0.110319593,-0.234528319
1,0.541705768,1,125,0.237718887,0.123236743
1,0.612417099,1,126,0.384259148,0.31314147
0,0.742906014,1,127,0.654680868,0.724680643
4,0.944918784,1,128,1.073326702,1.51809655
2,0.738393,1,129,0.645328219,0.709124421
2,0.669905374,1,130,0.503396304,0.484683777
0,0.499109626,1,131,0.149443787,0.020070245
3,0.645188207,1,133,0.452173112,0.40904403
0,0.132477359,1,134,-0.610355068,-0.518768197
0,0.628284054,1,136,0.417141399,0.358950964
1,0.844172823,1,137,0.864543481,1.098670946
0,0.627954393,1,138,0.416458219,0.35798728
0,0.711343591,1,139,0.589271751,0.617872588
1,0.855071276,1,140,0.887129142,1.141764801
0,0.85620748,1,141,0.889483781,1.146289313
0,0.538767288,1,144,0.23162926,0.115848667
3,0.961372959,1,145,1.107425892,1.591086017
0,0.644680854,1,147,0.451121687,0.407521203
0,0.462976756,1,148,0.074562999,-0.060822811
2,0.85400804,1,149,0.88492572,1.137536298
2,0.558696967,1,150,0.272930991,0.166744872
1,0.90858737,1,151,0.998034457,1.361395809
1,0.931173976,1,152,1.044842332,1.458091514
0,0.568667102,1,153,0.293592831,0.192900186
2,0.898181691,1,154,0.976470007,1.317646844
0,0.30205843,1,155,-0.258919815,-0.347294449
3,0.849727218,1,156,0.87605426,1.120564651
3,0.862003673,1,157,0.901495655,1.169464011
1,0.602853401,1,158,0.364439598,0.286096063
3,0.858067355,1,159,0.893338136,1.153708545
0,0.6953609,1,160,0.556149652,0.565555027
2,0.887768949,1,161,0.954890921,1.274372621
2,0.363337613,1,162,-0.131926483,-0.252411561
0,0.070840917,1,163,-0.738088773,-0.547929619
0,0.081140341,1,164,-0.716744524,-0.544287135
2,0.418507959,1,165,-0.017592941,-0.152037521
1,0.445203578,1,166,0.037730342,-0.098383357
1,0.457588473,1,167,0.063396466,-0.072365305
1,0.795802381,1,168,0.764301877,0.914079295
1,0.803037822,1,169,0.779296411,0.940998659
0,0.873995709,1,170,0.926347628,1.2179077
0,0.662155386,1,171,0.487335437,0.46066119
1,0.638335916,1,172,0.437972608,0.388577956
1,0.104319934,1,173,-0.668707758,-0.534283648
0,0.548970111,1,174,0.252773316,0.141673595
1,0.13355898,1,175,-0.608113545,-0.518098605
2,0.821872497,1,176,0.818328885,1.012215424
0,0.931075135,1,178,1.044637496,1.457663192
0,0.726504432,1,179,0.620690671,0.668598632
2,0.88075248,1,180,0.940350179,1.245497511
0,0.673273131,1,181,0.510375553,0.495209918
1,0.929279332,1,182,1.040915922,1.449889111
1,0.668516341,1,183,0.500517709,0.48035764
1,0.683278325,1,185,0.531110048,0.526793145
0,0.423326331,1,186,-0.007607476,-0.142598615
0,0.320596189,1,187,-0.220502661,-0.320434873
0,0.660327153,1,188,0.483546656,0.455034976
0,0.364569501,1,189,-0.129373551,-0.250324948
0,0.471735654,1,190,0.092714703,-0.041771617
0,0.514065804,1,191,0.180438568,0.055331681
0,0.667997076,1,192,0.499441599,0.478742698
3,0.944290011,1,193,1.07202365,1.515332356
0,0.657185574,1,194,0.477036133,0.445403397
0,0.938297059,1,195,1.059604018,1.489078651
4,0.360473407,1,196,-0.137862186,-0.257235748
0,0.499729467,1,197,0.150728329,0.021510935
1,0.772629795,1,199,0.716279633,0.829505667
0,0.367834695,1,200,-0.122606851,-0.244760084
3,0.981080261,1,201,1.148266775,1.680164427
0,0.395522867,1,202,-0.065226628,-0.195576858
0,0.605266333,1,203,0.369440093,0.292879499
1,0.525174286,1,204,0.203459488,0.08219535
0,0.673607753,1,205,0.511069015,0.496258684
1,0.989447321,1,207,1.165606446,1.718530745
0,0.406927739,1,208,-0.041591478,-0.174280593
0,0.112562043,1,209,-0.651627033,-0.530124
0,0.208566726,1,210,-0.452669509,-0.458383178
0,0.586886233,1,211,0.331349668,0.241890742
0,0.674516011,1,212,0.512951264,0.499107955
0,0.545257343,1,213,0.245079075,0.132219932
0,0.580546482,1,214,0.318211338,0.22466814
1,0.771205634,1,215,0.71332824,0.824389381
0,0.746198024,1,216,0.661503141,0.736087892
2,0.632299382,1,217,0.425462657,0.370729392
1,0.767829742,1,218,0.706332132,0.812299226
0,0.663792541,1,221,0.490728233,0.465712581
0,0.142184047,1,223,-0.590239188,-0.512564317
0,0.780897676,1,224,0.733413767,0.859394425
1,0.669848128,1,241,0.503277669,0.484505307
1,0.61304124,1,244,0.385552601,0.314921289
0,0.096230565,0,245,-0.685471949,-0.538058788
0,0.060023379,0,246,-0.760506748,-0.551223776
0,0.064922389,0,252,-0.750354171,-0.549799401
0,0.06307337,0,253,-0.754186029,-0.550350122
1,0.709536361,1,256,0.585526496,0.611897208
0,0.212988248,1,258,-0.443506465,-0.454045866
0,0.374854192,0,261,-0.108059834,-0.232628776
1,0.865995643,1,262,0.909768507,1.185515878
0,0.594612797,1,263,0.347361992,0.263133676
0,0.18264947,1,264,-0.506379733,-0.481977123
0,0.373341928,0,266,-0.111193809,-0.235261697
0,0.039552619,0,267,-0.802929801,-0.555967107
0,0.104957744,1,268,-0.667385978,-0.533973042
0,0.58889839,1,269,0.335519608,0.247396085
0,0.703570743,1,271,0.57316351,0.59228054
0,0.590696054,1,272,0.339245039,0.252330503
0,0.082856788,0,273,-0.713187405,-0.543632105
0,0.151202621,0,275,-0.571549338,-0.506407263
2,0.719324979,0,283,0.605812165,0.64444385
0,0.444550928,0,284,0.036377808,-0.099734637
0,0.643249769,1,285,0.448155945,0.403232237
0,0.340311077,0,294,-0.179646057,-0.290114848
0,0.492240092,0,295,0.13520755,0.004223179
0,0.174294574,1,300,-0.523694195,-0.488916747
1,0.516977041,0,301,0.186471738,0.062316401
1,0.739421971,0,303,0.647460631,0.712662911
1,0.623542081,0,304,0.407314262,0.345137652
0,0.050889891,0,306,-0.779434743,-0.553581077
0,0.041304793,0,309,-0.799298643,-0.555637427
1,0.661887011,0,310,0.486779264,0.459834317
0,0.674378414,0,312,0.512666112,0.498676056
0,0.55447318,0,313,0.264177728,0.15580384
0,0.438960134,0,314,0.024791597,-0.111228875
0,0.282408579,0,315,-0.299641638,-0.374019219
1,0.653582804,0,316,0.469569849,0.434414421
0,0.318836256,0,317,-0.224149899,-0.323053571
0,0.736500322,0,321,0.641405884,0.70262863
1,0.741127074,0,323,0.650994241,0.718537373
0,0.497273847,0,324,0.145639368,0.015813853
0,0.771243542,0,325,0.713406799,0.824525443
1,0.664415208,0,326,0.492018632,0.467637075
3,0.77468649,0,327,0.720541872,0.836910985
0,0.045655902,0,329,-0.790281521,-0.554756951
1,0.407138347,0,330,-0.041155019,-0.173881633
1,0.618460331,0,331,0.39678298,0.330450741
0,0.402003169,0,334,-0.051797024,-0.183550481
0,0.564356079,0,336,0.284658782,0.181534024
0,0.757910407,0,343,0.685775569,0.777081781
2,0.820553041,0,345,0.81559448,1.007172582
1,0.200116768,0,346,-0.470180975,-0.466419112
1,0.78404743,0,347,0.739941233,0.870864611
0,0.739763593,1,348,0.648168599,0.713838791
0,0.415074138,1,351,-0.024709099,-0.158698234
0,0.656564441,0,352,0.475748913,0.44350454
0,0.626633534,0,353,0.413720906,0.354131145
2,0.54558605,0,354,0.245760279,0.133054316
3,0.777141995,0,355,0.725630595,0.845778037
2,0.325150159,0,356,-0.211065136,-0.313591868
0,0.408155114,0,357,-0.039047899,-0.171952643
4,0.785476842,0,358,0.742903508,0.876085208
1,0.166348513,1,359,-0.540161399,-0.495215378
0,0.144259445,1,360,-0.585938189,-0.511180957
0,0.680430135,1,365,0.525207536,0.517754878
1,0.228103638,1,366,-0.412181737,-0.438531174
1,0.659507119,0,368,0.48184724,0.452516453
2,0.790448583,0,369,0.75320681,0.8943174
0,0.511212054,1,370,0.174524534,0.048523169
0,0.326111173,1,371,-0.209073556,-0.312135471
0,0.643231629,1,372,0.448118352,0.403177933
1,0.660077806,0,376,0.483029916,0.45426884
0,0.58989588,0,377,0.33758678,0.250132244
1,0.603309026,0,379,0.365383823,0.287374879
1,0.403829651,0,380,-0.048011872,-0.180125524
2,0.556058852,1,381,0.267463832,0.159901531
1,0.657351389,1,382,0.477379763,0.445910611
2,0.644615939,1,383,0.450987159,0.407326446
1,0.762496787,1,384,0.69528026,0.793308274
0,0.533928968,1,398,0.221602456,0.103771472
1,0.608707871,0,400,0.376572244,0.302601525
2,0.793006514,1,401,0.758507798,0.903742572
0,0.049795308,1,402,-0.781703127,-0.55383753
3,0.729126236,1,403,0.626124027,0.67747931
1,0.594088325,1,404,0.34627509,0.261682936
0,0.490698119,1,405,0.132012006,0.000696242
0,0.299678465,1,406,-0.26385199,-0.350626963
0,0.663332773,1,407,0.489775423,0.464292721
0,0.032374887,1,408,-0.81780474,-0.557168477
0,0.381081068,1,409,-0.095155424,-0.221675361
0,0.051501126,1,410,-0.778168036,-0.553435442
0,0.319409306,1,411,-0.222962326,-0.322202482
0,0.599268813,1,412,0.357010994,0.276068795
0,0.400097489,1,413,-0.055746304,-0.187107396
1,0.641110914,1,414,0.443723439,0.39683985
0,0.40075491,1,418,-0.054383882,-0.185882242
1,0.336060952,1,419,-0.188453902,-0.296804169
0,0.628278644,1,420,0.417130188,0.358935145
1,0.445013939,1,421,0.03733734,-0.098776199
1,0.376197024,1,422,-0.105276985,-0.230281923
0,0.082131139,1,423,-0.714691221,-0.5439107
0,0.381854724,1,424,-0.09355212,-0.220301855
0,0.10383161,1,426,-0.669719748,-0.534520176
1,0.593999586,1,427,0.34609119,0.261437602
1,0.582920758,1,428,0.323131724,0.231096202
2,0.676348385,1,429,0.516748627,0.504867929
0,0.118090456,1,430,-0.640170099,-0.527156756
0,0.718292907,1,431,0.603673327,0.640991235
0,0.054507376,1,432,-0.771937964,-0.552693858
3,0.518026571,1,434,0.188646755,0.064844135
2,0.742491719,1,435,0.653822294,0.723248629
1,0.512922343,1,436,0.178068891,0.052599047
2,0.691032549,1,437,0.547179694,0.551591224
1,0.325684934,1,438,-0.209956883,-0.312781958
0,0.076389889,1,439,-0.726589233,-0.546028515
3,0.7214266,1,440,0.610167508,0.651489778
0,0.662402536,1,441,0.487847624,0.461422964
0,0.614783974,1,442,0.389164197,0.319900522
1,0.45434187,1,443,0.056668293,-0.079254771
1,0.444245099,1,445,0.035744016,-0.100367158
0,0.385245817,1,446,-0.08652451,-0.214248632
2,0.799872687,1,447,0.77273707,0.929192837
0,0.701761878,1,448,0.569414867,0.586365196
1,0.774113865,1,449,0.71935518,0.834847219
0,0.70175232,1,450,0.569395059,0.58633398
0,0.638606989,1,451,0.438534372,0.389383432
0,0.186362844,1,452,-0.498684237,-0.478788492
0,0.162058308,1,453,-0.549052304,-0.498493951
0,0.051680763,1,456,-0.777795761,-0.553392311
0,0.621327195,1,457,0.402724192,0.338721571
0,0.250908544,1,458,-0.364921463,-0.413111525
0,0.646925875,1,461,0.455774208,0.414268743
0,0.030512026,1,462,-0.821665283,-0.557441083
0,0.613063327,1,463,0.385598374,0.314984307
0,0.561861767,1,464,0.279489637,0.174997183
0,0.687788864,1,465,0.540457568,0.541183845
0,0.25683213,1,467,-0.352645583,-0.40611276
0,0.165393477,1,468,-0.542140589,-0.495952628
0,0.466292867,1,469,0.081435218,-0.053652045
0,0.151347466,1,470,-0.571249165,-0.506305287
1,0.544683889,1,471,0.243890665,0.13076549
3,0.728711762,1,472,0.625265082,0.676073259
0,0.674772995,1,476,0.513483831,0.499914829
1,0.623784545,1,477,0.407816738,0.345841408
2,0.728965522,1,478,0.625790967,0.676934013
0,0.469949152,1,479,0.089012405,-0.045686365
0,0.733556132,1,480,0.635304424,0.69255712
1,0.478206954,1,481,0.106125652,-0.027466757
1,0.671742578,1,482,0.507203676,0.490419533
0,0.526366262,1,483,0.205929707,0.085112026
0,0.137663566,1,485,-0.599607312,-0.515508067
0,0.43641087,1,486,0.019508571,-0.116421676
0,0.082436799,0,491,-0.714057779,-0.543793648
2,0.545105544,1,492,0.244764491,0.131834778
0,0.12853581,1,496,-0.618523428,-0.521162197
2,0.793716074,1,497,0.759978271,0.906362473
0,0.595053889,1,503,0.348276099,0.26435477
0,0.640391663,1,504,0.442232883,0.394695011
0,0.11699574,0,507,-0.642438759,-0.527755613
0,0.061406828,1,509,-0.757639726,-0.550832859
0,0.475171178,1,516,0.099834391,-0.034201633
1,0.114951972,0,526,-0.646674208,-0.528858717
1,0.119383844,0,527,-0.637489716,-0.526442029
0,0.102160757,0,528,-0.673182379,-0.535321086
0,0.014289568,0,545,-0.855284269,-0.559132322
2,0.78877504,0,557,0.749738605,0.888167398
0,0.442384454,0,561,0.031888066,-0.104206002
0,0.379326161,0,571,-0.098792246,-0.2247806
1,0.484632955,0,574,0.119442723,-0.013069174
0,0.65086145,0,575,0.463930188,0.426153941
0,0.343964749,1,576,-0.172074286,-0.284297092
0,0.348145754,1,577,-0.163409683,-0.277563437
1,0.641423795,0,588,0.444371845,0.397773627
0,0.395937113,0,589,-0.064368155,-0.194813933
0,0.582682313,0,590,0.322637577,0.230449457
0,0.472574397,0,591,0.094452892,-0.039928562
0,0.532636876,0,592,0.218924759,0.100564643
0,0.58180605,1,593,0.320821633,0.228074999
1,0.533420358,1,594,0.220548426,0.102508231
0,0.506624275,1,595,0.165016944,0.037657032
0,0.60150797,1,596,0.361651363,0.282325441
0,0.611790425,1,597,0.382960446,0.311356251
1,0.396802452,1,598,-0.06257485,-0.193217644
0,0.30409169,1,599,-0.254706141,-0.344426524
1,0.41461068,1,602,-0.025669557,-0.159593018
1,0.593110322,1,604,0.344248303,0.258981104
0,0.762462961,1,605,0.695210159,0.79318824
0,0.660149146,0,606,0.483177759,0.454488008
0,0.292410064,1,609,-0.278914829,-0.360641255
0,0.06637075,0,612,-0.747352627,-0.5493569
1,0.740869999,1,615,0.650461485,0.717650826
0,0.605953844,1,616,0.370864872,0.294817248
0,0.654780657,1,624,0.472052247,0.438061344
0,0.753964314,1,625,0.677597792,0.763198957
1,0.761230242,1,627,0.692655506,0.788817487
1,0.655217062,1,628,0.472956641,0.439391661
0,0.73593685,1,630,0.64023816,0.700697979
2,0.57455728,1,631,0.305799477,0.208569667
1,0.5985647,1,632,0.355551809,0.274106188
0,0.09656657,1,634,-0.684775621,-0.537908044
0,0.691461869,1,635,0.548069405,0.552972369
0,0.670120254,1,636,0.503841616,0.485353822
0,0.436750024,1,637,0.020211424,-0.11573257
3,0.479127144,1,638,0.108032629,-0.025416842
3,0.498044282,1,641,0.147235997,0.017598255
0,0.376158035,1,642,-0.105357785,-0.230350182
1,0.534406059,1,643,0.222591166,0.104957523
0,0.519024993,1,644,0.190715858,0.067253537
2,0.655913552,1,645,0.474400028,0.441516644
0,0.506522157,1,646,0.164805317,0.037416281
0,0.729856716,1,647,0.627637854,0.679959319
0,0.412351651,1,648,-0.030351108,-0.163940145
0,0.587709249,1,649,0.333055264,0.24414027
0,0.652210659,1,650,0.466726252,0.430245063
0,0.649174929,1,651,0.460435087,0.421051923
0,0.396493439,1,652,-0.06321524,-0.19378808
1,0.37875838,1,653,-0.0999689,-0.225782198
1,0.489317524,1,654,0.129150898,-0.002452188
1,0.353775768,1,655,-0.151742193,-0.268367569
0,0.300947021,1,656,-0.261223069,-0.348853965
1,0.573244628,1,657,0.303079172,0.205063673
0,0.616212953,1,658,0.392125574,0.323993859
0,0.687530598,1,659,0.539922345,0.540357301
0,0.659579054,1,660,0.481996316,0.452737257
0,0.610058916,1,661,0.379372113,0.306433168
1,0.418029051,1,662,-0.018585417,-0.15296977
0,0.657343375,1,663,0.477363155,0.445886094
0,0.568724345,1,664,0.293711459,0.193051691
2,0.786477962,1,665,0.744978202,0.87974723
1,0.303165731,1,666,-0.256625074,-0.34573498
0,0.380733965,1,667,-0.095874751,-0.222290684
0,0.542865479,1,669,0.240122241,0.126163608
0,0.133641263,1,670,-0.607943024,-0.518047443
1,0.24669797,1,671,-0.373647344,-0.417987057
1,0.477142187,1,672,0.103919057,-0.029833828
0,0.599777654,1,673,0.358065502,0.277488549
0,0.130666032,1,674,-0.614108813,-0.519877332
0,0.623957035,1,675,0.408174202,0.34634223
1,0.809077188,1,676,0.79181223,0.963654599
1,0.65569552,1,677,0.473948185,0.440851188
0,0.794869371,1,678,0.762368332,0.910625778
0,0.190495961,1,679,-0.490118876,-0.475163967
1,0.17597053,0,682,-0.520220989,-0.487550736
1,0.230219941,0,683,-0.407795968,-0.436274106
0,0.648046798,1,684,0.458097179,0.417646521
0,0.616210043,1,685,0.392119544,0.323985513
0,0.103214816,0,686,-0.670997975,-0.534817344
0,0.054219678,0,690,-0.772534182,-0.552766647
0,0.025170586,0,692,-0.832734739,-0.558133189
0,0.014097619,0,693,-0.855682059,-0.559145001
0,0.109416398,0,698,-0.658145983,-0.531748858
0,0.091760113,0,699,-0.694736394,-0.540014399
0,0.230133957,0,702,-0.407974159,-0.436366215
0,0.565530346,1,704,0.287092302,0.184621449
0,0.40899892,1,705,-0.037299218,-0.170348137
0,0.613770044,0,706,0.387062955,0.317001864
0,0.131486146,1,710,-0.612409231,-0.519377041
0,0.62715993,0,716,0.414811795,0.35566694
0,0.128623755,0,720,-0.618341173,-0.52110957
0,0.083405132,0,721,-0.712051032,-0.543419956
1,0.758434108,0,722,0.686860873,0.778929671
0,0.065858484,0,723,-0.748414233,-0.549514523
0,0.627238497,0,724,0.414974615,0.355896275
0,0.047234997,0,726,-0.787009047,-0.55441562
2,0.485980774,0,729,0.122235907,-0.010024977
0,0.156774799,0,730,-0.560001706,-0.502413902
0,0.222397729,0,731,-0.42400651,-0.444512751
0,0.643145693,0,734,0.447940261,0.402920693
0,0.061321762,0,735,-0.757816014,-0.550857153
0,0.447584849,0,736,0.042665224,-0.093436241
0,0.432302648,0,737,0.010994802,-0.1247264
0,0.470917259,0,738,0.091018684,-0.043566803
0,0.609570112,0,739,0.378359129,0.305045911
0,0.423304065,0,740,-0.00765362,-0.142642481
0,0.193555938,0,741,-0.483777462,-0.472429311
1,0.528126085,0,742,0.209576717,0.08943027
1,0.733373336,1,743,0.634925603,0.691933141
0,0.09569363,0,744,-0.686584679,-0.538298587
1,0.557427364,0,745,0.2702999,0.163447445
3,0.784579731,1,746,0.741044359,0.872807607
2,0.716202884,1,747,0.599342019,0.634014615
1,0.558920723,1,748,0.273394697,0.167326791
1,0.578273096,1,749,0.313500034,0.218537812
0,0.681480215,1,750,0.527383693,0.521082742
0,0.685096685,1,751,0.534878369,0.532583161
2,0.529247955,1,752,0.21190165,0.092190631
2,0.646881104,1,753,0.455681426,0.414133952
0,0.399436341,1,754,-0.057116449,-0.188337467
0,0.413895901,0,755,-0.027150846,-0.16097106
0,0.081460124,0,756,-0.716081814,-0.544166139
0,0.581793421,1,757,0.320795461,0.228040804
0,0.598648597,1,758,0.355725675,0.274339917
0,0.618873819,1,759,0.397639881,0.331641283
0,0.552626639,1,760,0.260351006,0.15104676
1,0.717479622,1,762,0.601987897,0.638274025
0,0.748877268,1,763,0.667055534,0.745409053
1,0.733606544,1,764,0.635408897,0.692729231
1,0.621016006,1,765,0.402079292,0.337821948
1,0.624294754,1,766,0.408874081,0.347323192
0,0.64567623,1,767,0.453184477,0.410509968
0,0.431219168,1,768,0.008749427,-0.126903553
2,0.769552717,1,769,0.709902779,0.818463127
2,0.777474999,1,770,0.726320703,0.846982706
2,0.707368018,1,771,0.581032881,0.604747913
1,0.541744865,1,772,0.23779991,0.123335314
0,0.178660294,1,773,-0.514646795,-0.485331081
1,0.90404154,1,774,0.988613801,1.342221629
0,0.010532684,0,775,-0.863069934,-0.559349323
0,0.735064256,1,776,0.63842982,0.697711084
0,0.534805158,1,777,0.223418248,0.105950499
0,0.550991884,1,778,0.256963184,0.146848529
0,0.597999341,1,779,0.354380174,0.272532005
0,0.603290345,1,780,0.365345109,0.287322427
0,0.692246688,1,782,0.549695843,0.55549939
0,0.05831474,1,783,-0.764047686,-0.551694287
0,0.599632205,1,784,0.357764078,0.277082598
0,0.514120626,1,785,0.18055218,0.055462847
1,0.597969324,1,786,0.354317968,0.272448468
0,0.146001973,1,787,-0.582327021,-0.510003992
1,0.26128805,1,788,-0.343411254,-0.400740431
0,0.262148467,1,789,-0.341628149,-0.399692416
0,0.608492251,1,790,0.376125399,0.301990799
0,0.569604435,1,791,0.295535334,0.195382945
0,0.654419949,1,792,0.471304726,0.436962448
0,0.521001061,1,793,0.194811009,0.072035881
2,0.70399286,1,794,0.574038294,0.593663137
2,0.546308888,1,796,0.247258269,0.134890924
1,0.526094774,1,797,0.205367082,0.084447134
2,0.661582752,1,798,0.486148726,0.45889729
2,0.664234991,1,799,0.491645155,0.467079888
1,0.575626746,1,800,0.30801581,0.211432059
3,0.728322728,1,808,0.624458858,0.674754236
0,0.051846946,1,809,-0.777451368,-0.553352276
0,0.610604097,1,810,0.380501932,0.30798174
0,0.568470855,1,811,0.293186134,0.192380895
0,0.628904783,1,812,0.418427781,0.360766886
1,0.487434105,1,813,0.125247751,-0.006732997
0,0.607715933,1,814,0.374516578,0.299793738
0,0.813954092,1,816,0.801918995,0.982073589
0,0.476095699,1,817,0.101750343,-0.032155123
1,0.344116034,1,818,-0.171760767,-0.284054861
0,0.57016129,1,820,0.296689346,0.196859849
0,0.521089574,1,821,0.194994441,0.072250519
3,0.644106992,1,822,0.449932431,0.405800192
0,0.689775158,1,823,0.54457391,0.547551067
1,0.610848195,1,825,0.381007794,0.308675542
1,0.604930087,1,826,0.368743266,0.291932591
1,0.744397679,1,827,0.657772155,0.72984321
2,0.657250074,1,828,0.477169801,0.445600681
2,0.498161845,1,829,0.147479631,0.017870785
0,0.390309657,1,830,-0.076030344,-0.205109866
1,0.541935014,1,831,0.23819397,0.123814815
0,0.405648362,1,832,-0.044242824,-0.176699713
0,0.151373571,0,833,-0.571195066,-0.506286898
5,0.648765819,1,834,0.459587259,0.41981629
0,0.597615143,1,835,0.353583973,0.271463096
1,0.329523138,1,837,-0.202002692,-0.306929989
2,0.466291184,1,838,0.08143173,-0.053655698
0,0.586594142,1,839,0.330744346,0.241093136
0,0.620726988,1,840,0.401480339,0.336986823
1,0.604196773,1,841,0.367223566,0.289869319
3,0.585653829,1,842,0.328795667,0.23852814
0,0.012807814,0,843,-0.858355016,-0.559225754
0,0.048965474,0,844,-0.783422853,-0.554028239
0,0.388076862,1,846,-0.080657528,-0.209154124
0,0.170603651,1,847,-0.531343165,-0.491878989
0,0.492228535,1,848,0.135183599,0.004196703
0,0.604711929,1,849,0.368291161,0.291318515
0,0.547228766,1,850,0.249164599,0.137231694
1,0.637782239,1,851,0.436825183,0.386933803
0,0.052402377,1,853,-0.776300308,-0.553217535
2,0.659453084,1,854,0.481735259,0.452350608
0,0.326652485,1,855,-0.207951756,-0.311313232
1,0.652320306,1,856,0.466953482,0.430577911
3,0.646642412,1,857,0.455186767,0.413415484
3,0.648832671,1,858,0.459725801,0.420018149
3,0.655619364,1,859,0.473790361,0.440618805
0,0.628411201,1,860,0.417404895,0.359322782
0,0.651859278,1,861,0.46599806,0.429178776
1,0.168001428,1,862,-0.536735942,-0.493929362
0,0.706865375,1,863,0.579991217,0.603093761
0,0.570345725,1,864,0.297071564,0.197349331
0,0.603097464,1,865,0.364945387,0.286780961
0,0.457604683,1,866,0.063430059,-0.072330784
1,0.691439746,1,867,0.548023558,0.552901178
0,0.450138632,1,868,0.047957616,-0.088101402
0,0.650263325,1,874,0.46269065,0.424342995
0,0.78482632,0,875,0.741555383,0.873708148
0,0.05293771,0,876,-0.775190898,-0.553086311
0,0.765809674,1,877,0.702145797,0.805090078
0,0.466528268,1,878,0.081923057,-0.053141068
0,0.5581485,1,879,0.271794363,0.165319467
1,0.814747696,1,880,0.803563639,0.985081328
0,0.685524815,0,881,0.535765614,0.533948649
0,0.739870845,1,884,0.648390866,0.71420807
1,0.800791331,1,885,0.774640843,0.932614538
0,0.384147012,1,886,-0.088801644,-0.216215899
1,0.059281736,1,887,-0.762043709,-0.551429673
0,0.591958733,1,888,0.341861781,0.25580543
0,0.464313304,1,889,0.077332825,-0.057938813
2,0.566207293,1,892,0.288495189,0.186404218
0,0.038777853,1,893,-0.804535405,-0.556108327
1,0.526923537,1,894,0.207084589,0.086477905
1,0.051181541,1,895,-0.778830335,-0.553511804
0,0.243667913,1,896,-0.379926752,-0.421444586
0,0.547183087,0,897,0.249069935,0.137115364
0,0.487234686,0,898,0.124834481,-0.007185288
0,0.311822229,1,899,-0.23868558,-0.333346913
0,0.498456413,1,900,0.148090086,0.018553924
1,0.306713344,1,901,-0.249273096,-0.340700268
1,0.077808159,1,902,-0.723650048,-0.545519615
0,0.653171882,1,903,0.468718265,0.433164887
0,0.656482633,1,904,0.475579377,0.44325458
0,0.503507456,1,905,0.158557732,0.030330739
1,0.642289559,1,906,0.446166031,0.400359828
0,0.516766127,1,907,0.186034645,0.061809045
4,0.194759146,0,908,-0.481283966,-0.471342085
2,0.124371237,0,909,-0.627153977,-0.5236131
3,0.174513833,0,910,-0.523239809,-0.48873878
4,0.226048634,0,911,-0.416440473,-0.440702919
0,0.520133335,0,912,0.193012757,0.069933632
0,0.65037851,0,913,0.462929356,0.424691611
0,0.793932048,1,914,0.760425849,0.907160377
1,0.505986855,1,915,0.163695972,0.036155056
0,0.468487131,1,916,0.085982552,-0.048879028
0,0.535587898,1,917,0.225040377,0.107900144
1,0.45809856,0,918,0.064453556,-0.071278414
1,0.429130593,0,919,0.00442112,-0.131084935
1,0.429114357,0,920,0.004387473,-0.13111736
2,0.486422213,0,921,0.123150733,-0.009026101
2,0.368817732,0,922,-0.120569632,-0.243074978
1,0.472253142,0,923,0.093787132,-0.040634875
0,0.413023724,0,924,-0.028958322,-0.162649334
1,0.756734292,1,926,0.68333822,0.772936488
0,0.489668223,1,927,0.129877677,-0.001653264
0,0.289265186,1,928,-0.285432189,-0.364898014
0,0.432844712,0,929,0.012118161,-0.123635122
0,0.240418268,1,930,-0.386661229,-0.425105195
1,0.248166079,1,931,-0.370604874,-0.416296465
1,0.307082106,0,932,-0.248508883,-0.340173566
1,0.231000628,0,933,-0.406178093,-0.435436228
0,0.387930647,1,935,-0.08096054,-0.209418153
3,0.21805697,1,936,-0.433002182,-0.448961743
0,0.571517546,1,937,0.299500014,0.200462983
1,0.169691079,1,938,-0.533234355,-0.492601621
0,0.40677192,0,943,-0.041914393,-0.174575632
0,0.534717588,0,944,0.22323677,0.105732558
1,0.557023634,1,945,0.269463221,0.162400445
0,0.350176326,1,946,-0.15920158,-0.27426378
1,0.65337265,1,947,0.469134331,0.433775285
1,0.704179472,0,950,0.574425024,0.594274628
0,0.6473188,1,951,0.456588495,0.415452113
0,0.576898519,1,952,0.310651398,0.214842847
0,0.249177768,0,953,-0.368508277,-0.415125622
0,0.325640716,0,954,-0.210048519,-0.312848976
0,0.464600771,1,959,0.077928564,-0.057317432
2,0.252483319,0,960,-0.361657942,-0.411266851
0,0.11036467,0,961,-0.65618081,-0.531263884
0,0.463906108,1,962,0.076488963,-0.05881834
2,0.271731232,0,964,-0.321769084,-0.387787428
1,0.162164295,0,965,-0.548832659,-0.498413988
0,0.273363705,0,966,-0.318385991,-0.385716748
0,0.280088704,0,967,-0.304449284,-0.377055764
1,0.127369639,0,968,-0.620940169,-0.52185664
0,0.336090154,0,969,-0.188393385,-0.296758494
2,0.874552024,1,970,0.927500521,1.220171265
0,0.544696086,1,971,0.243915941,0.130796409
0,0.102803385,0,972,-0.671850614,-0.535014585
1,0.242156263,0,973,-0.383059455,-0.423153519
0,0.047126103,0,976,-0.787234716,-0.55443953
1,0.231338461,0,977,-0.405477977,-0.435072768
0,0.116988298,0,978,-0.642454181,-0.527759665
1,0.087237879,0,980,-0.70410815,-0.54189803
0,0.10428839,0,981,-0.668773129,-0.53429896
0,0.253181439,0,982,-0.360211177,-0.410445389
0,0.455310113,0,983,0.058674854,-0.077205241
1,0.491813775,1,985,0.134324062,0.003246962
0,0.143536332,1,986,-0.587436749,-0.511665225
0,0.517736968,1,987,0.18804659,0.06414613
0,0.35132286,1,988,-0.156825534,-0.272392198
0,0.380157252,1,989,-0.097069915,-0.223311804
0,0.454525443,1,990,0.057048725,-0.078866528
0,0.303760104,1,991,-0.255393311,-0.344895541
0,0.150068579,1,992,-0.573899496,-0.507202289
1,0.668109287,1,993,0.499674142,0.479091574
0,0.180037992,1,994,-0.51179169,-0.484181133
0,0.234283164,1,995,-0.399375454,-0.43188219
1,0.326874016,1,996,-0.207492661,-0.310976338
1,0.058542388,0,997,-0.763575914,-0.551632384
1,0.102222946,0,998,-0.6730535,-0.535291509
0,0.162983529,0,999,-0.547134901,-0.497794143
0,0.109108592,0,1000,-0.658783872,-0.531905379
2,0.255395149,0,1001,-0.355623544,-0.407825567
2,0.280057685,0,1002,-0.304513567,-0.377096196
0,0.794398967,1,1003,0.76139348,0.908886124
0,0.502588867,1,1004,0.156654073,0.028180159
1,0.503460299,1,1005,0.158460005,0.03022024
0,0.823758011,1,1006,0.822236373,1.01943575
0,0.034560353,1,1008,-0.813275639,-0.556828074
0,0.2781544,1,1009,-0.308457884,-0.379568477
0,0.309925508,1,1010,-0.242616294,-0.336091092
5,0.21405215,0,1011,-0.441301664,-0.452988646
3,0.216552889,0,1012,-0.436119199,-0.45048287
2,0.52965076,1,1016,0.212736412,0.093183162
0,0.538697839,1,1017,0.231485336,0.11567454
2,0.540199493,1,1018,0.234597323,0.11944457
0,0.176162438,0,1019,-0.519823284,-0.487393484
0,0.136865393,0,1020,-0.601261424,-0.516017961
2,0.748913246,1,1021,0.667130094,0.745534449
0,0.489234638,1,1022,0.128979127,-0.002640926
0,0.28021785,1,1023,-0.304181645,-0.37688738
1,0.474817877,1,1025,0.099102219,-0.034982646
0,0.538869196,1,1026,0.231840451,0.116104216
2,0.160653781,0,1027,-0.551963008,-0.499548678
2,0.17279724,0,1028,-0.52679723,-0.490126113
0,0.172084521,0,1029,-0.52827425,-0.490698096
0,0.322360274,0,1030,-0.216846819,-0.31779553
0,0.322359371,0,1031,-0.21684869,-0.317796885
1,0.334167003,0,1032,-0.192378871,-0.299757999
0,0.0293351,0,1033,-0.824104313,-0.557604986
0,0.007012837,0,1034,-0.87036437,-0.559493033
0,0.018951655,0,1035,-0.845622685,-0.5587717
0,0.050084033,0,1036,-0.781104782,-0.553770425
0,0.049562148,0,1037,-0.782186322,-0.553891438
0,0.422863389,1,1038,-0.008566865,-0.143510183
0,0.267589676,1,1039,-0.330351934,-0.392985059
0,0.554533306,1,1040,0.264302332,0.155959004
0,0.548525581,1,1041,0.251852084,0.140538327
0,0.548404449,1,1042,0.251601053,0.140229132
0,0.321701085,1,1047,-0.218212904,-0.318783473
1,0.703825086,1,1048,0.573690604,0.593113513
1,0.048925222,1,1050,-0.78350627,-0.554037408
1,0.635734527,1,1051,0.432581559,0.380865486
0,0.279601126,1,1052,-0.305459728,-0.377690783
1,0.624103951,1,1053,0.408478666,0.346768907
1,0.560609016,1,1054,0.27689347,0.171725023
0,0.611791421,1,1059,0.38296251,0.311359087
0,0.481893496,1,1063,0.113765542,-0.019230487
0,0.743855115,1,1067,0.65664776,0.727964229
0,0.395006618,1,1070,-0.066296488,-0.196526527
0,0.586175649,1,1071,0.329877073,0.239951058
0,0.653304882,0,1072,0.468993891,0.433569228
0,0.465894363,1,1073,0.080609369,-0.054516477
0,0.69868436,1,1074,0.563037101,0.576336101
0,0.416605276,1,1075,-0.02153601,-0.155735007
0,0.570676123,1,1076,0.297756272,0.198226586
0,0.246314936,0,1077,-0.374441133,-0.418426488
0,0.0571027,0,1080,-0.766559485,-0.552019811
0,0.573864357,1,1081,0.304363482,0.206717923
0,0.640559852,1,1082,0.442581433,0.395196343
0,0.102085511,0,1084,-0.673338316,-0.535356849
0,0.2813641,0,1085,-0.301806188,-0.375389465
0,0.684504892,0,1086,0.533651953,0.530697087
0,0.616811427,1,1088,0.393365836,0.325711022
0,0.383816114,0,1090,-0.089487388,-0.216807229
0,0.209472783,1,1091,-0.450791821,-0.457501789
0,0.521735155,1,1092,0.196332325,0.073817114
0,0.043504528,1,1105,-0.794739971,-0.555203308
0,0.054967553,1,1106,-0.770984306,-0.552576629
1,0.531609078,1,1107,0.216794778,0.09801931
0,0.285106016,1,1110,-0.294051542,-0.37045698
1,0.438788775,1,1111,0.024436477,-0.111578878
1,0.609198469,1,1112,0.377588946,0.303991907
0,0.326937565,1,1113,-0.207360964,-0.310879654
0,0.495647835,1,1115,0.142269665,0.01205692
0,0.41064684,1,1116,-0.033884113,-0.167205045
0,0.295483116,1,1117,-0.272546319,-0.356437251
0,0.234624894,1,1118,-0.398667262,-0.431509313
0,0.250029949,0,1119,-0.36674224,-0.414135685
0,0.072767491,0,1120,-0.734096193,-0.547285805
0,0.154459105,0,1121,-0.564800688,-0.504091017
0,0.459248674,1,1122,0.066837022,-0.068823313
0,0.543618417,1,1123,0.241682609,0.128067214
0,0.125433392,1,1124,-0.624952795,-0.522995677
0,0.391014582,1,1125,-0.074569476,-0.203828217
2,0.772616088,1,1126,0.716251227,0.82945638
0,0.453537037,1,1127,0.055000379,-0.080955083
0,0.02732978,0,1128,-0.828260084,-0.557869405
0,0.050322295,0,1129,-0.780611014,-0.553714757
3,0.588223922,1,1130,0.334121859,0.245548614
0,0.321943053,1,1131,-0.217711456,-0.318421064
0,0.627044331,1,1132,0.414572231,0.355329562
0,0.565535083,1,1134,0.287102119,0.184633916
3,0.751768254,1,1135,0.673046736,0.755504344
0,0.749150755,1,1137,0.667622302,0.746362401
0,0.108356919,0,1139,-0.660341619,-0.532285755
0,0.556627298,0,1140,0.268641864,0.161373357
0,0.146950441,0,1141,-0.580361441,-0.509357423
1,0.597869709,1,1146,0.354111528,0.272171269
2,0.143704881,0,1147,-0.587087453,-0.511552565
0,0.378528511,0,1148,-0.100445274,-0.226187273
0,0.387374885,0,1155,-0.082112287,-0.21042082
0,0.166210546,0,1158,-0.540447318,-0.495322145
0,0.093001454,0,1159,-0.692163872,-0.539480699
1,0.18874653,0,1161,-0.49374435,-0.476707829
1,0.245331284,0,1162,-0.376479627,-0.419551841
1,0.252049246,0,1163,-0.362557503,-0.411776472
0,0.216181944,0,1164,-0.436887936,-0.450856401
0,0.764440162,1,1165,0.699307658,0.800213413
0,0.406365757,1,1166,-0.042756114,-0.175344159
0,0.451825192,0,1167,0.051452797,-0.084561546
0,0.218155932,0,1168,-0.432797096,-0.44886129
0,0.251186598,0,1169,-0.364345232,-0.412786654
0,0.250719113,0,1170,-0.365314035,-0.413332644
0,0.184495617,0,1171,-0.502553828,-0.48039988
0,0.229796756,0,1172,-0.408672965,-0.436727106
0,0.176547528,1,1173,-0.519025234,-0.48707742
0,0.49045885,1,1174,0.131516152,0.000149956
0,0.199024249,1,1175,-0.472445082,-0.467433841
1,0.411279642,1,1176,-0.032572711,-0.165994738
4,0.274712497,0,1178,-0.315590791,-0.383996541
4,0.330385147,0,1179,-0.200216288,-0.305606287
3,0.250115513,0,1180,-0.366564919,-0.414036102
1,0.257691253,0,1181,-0.35086516,-0.40508414
1,0.504194361,1,1183,0.159981255,0.031941471
3,0.233921292,0,1187,-0.400125388,-0.432276452
4,0.407414212,0,1188,-0.040583324,-0.173358743
4,0.330194945,0,1189,-0.200610457,-0.305898659
5,0.315307755,0,1190,-0.23146227,-0.328260395
3,0.284016544,0,1191,-0.296309334,-0.371899815
0,0.184201779,0,1192,-0.50316277,-0.48065198
0,0.261246195,0,1193,-0.343497993,-0.400791324
0,0.256203788,0,1194,-0.353947742,-0.406862894
0,0.26520027,0,1195,-0.335303675,-0.395947439
0,0.316299348,0,1196,-0.229407319,-0.326803007
0,0.143656864,0,1197,-0.587186962,-0.511584674
0,0.1426865,0,1198,-0.589197918,-0.512231245
0,0.331115575,0,1199,-0.198702568,-0.304481935
0,0.116474406,0,1200,-0.643519157,-0.528038845
0,0.069509051,0,1201,-0.740848896,-0.548364598
1,0.50256382,1,1202,0.156602166,0.028121575
1,0.168967625,1,1204,-0.534733621,-0.493171743
0,0.679969533,1,1205,0.524252997,0.516296778
1,0.487871318,1,1208,0.12615382,-0.00574073
0,0.1174916,0,1211,-0.641411152,-0.527485047
0,0.643932219,0,1212,0.449570236,0.405276353
0,0.136248048,0,1213,-0.602540793,-0.516410304
0,0.226653058,0,1214,-0.41518788,-0.440066199
0,0.200255192,0,1215,-0.469894108,-0.466290148
0,0.355861237,1,1216,-0.147420324,-0.264923794
1,0.127238864,0,1218,-0.621211184,-0.52193412
0,0.030814316,0,1219,-0.821038825,-0.557397945
0,0.022414841,0,1220,-0.838445671,-0.558438335
0,0.01643094,0,1221,-0.850846547,-0.558979243
0,0.072963366,1,1224,-0.733690267,-0.547219381
2,0.476937582,1,1228,0.103495039,-0.030288079
0,0.457154152,1,1236,0.062496391,-0.0732898
0,0.272595815,1,1237,-0.319977346,-0.386692309
0,0.297830689,0,1238,-0.267681271,-0.353196108
0,0.161535565,0,1239,-0.550135623,-0.498887577
5,0.466412285,1,1240,0.081682697,-0.053392861
5,0.456217412,1,1241,0.060555116,-0.075280754
4,0.40549313,1,1242,-0.044564523,-0.176992716
0,0.535092572,1,1243,0.224013877,0.106666057
0,0.397435579,1,1244,-0.061262775,-0.192047508
0,0.226800649,1,1246,-0.414882017,-0.439910464
0,0.36893992,1,1247,-0.120316412,-0.242865211
0,0.24979715,1,1248,-0.367224686,-0.414406452
0,0.214962574,1,1249,-0.439414925,-0.452079757
0,0.319035089,1,1250,-0.223737843,-0.322758439
0,0.267673432,1,1251,-0.33017836,-0.392880737
1,0.575363066,1,1255,0.307469366,0.210725833
0,0.274722339,1,1256,-0.315570395,-0.383983958
0,0.036463191,0,1257,-0.809332248,-0.55651359
0,0.077319038,0,1258,-0.724663689,-0.545696178
1,0.580990231,1,1259,0.319130952,0.225867543
0,0.65442405,1,1260,0.471313224,0.436974938
0,0.645969544,1,1261,0.453792333,0.411391567
0,0.515650079,1,1262,0.183721777,0.059127825
4,0.155407598,0,1263,-0.562835057,-0.503407099
0,0.02638704,0,1265,-0.830213793,-0.557987246
0,0.051527689,0,1266,-0.778112988,-0.553429074
0,0.521834085,1,1268,0.196537345,0.074057354
0,0.620019002,1,1269,0.400013128,0.334942723
0,0.579847036,1,1270,0.316761825,0.222779478
1,0.400616445,1,1271,-0.054670834,-0.186140449
0,0.120859037,0,1272,-0.634432566,-0.525617332
0,0.110646671,0,1279,-0.655596399,-0.531118853
0,0.019087483,0,1285,-0.845341199,-0.558759677
0,0.193223964,1,1286,-0.484465436,-0.472728098
0,0.1205592,0,1288,-0.63505394,-0.525785774
0,0.238894651,0,1289,-0.389818732,-0.426804571
0,0.126358677,0,1290,-0.62303526,-0.522453536
0,0.262916554,0,1291,-0.340036386,-0.39875395
0,0.129186667,0,1292,-0.617174609,-0.520771866
0,0.024508654,0,1293,-0.83410651,-0.558209711
0,0.029101309,0,1294,-0.824588815,-0.557636777
0,0.029101309,0,1295,-0.824588815,-0.557636777
0,0.390499324,1,1296,-0.075637283,-0.204765253
0,0.293617641,1,1297,-0.276412279,-0.358994504
0,0.159743196,0,1298,-0.55385008,-0.500227575
0,0.017866607,1,1300,-0.847871309,-0.558864662
1,0.270346426,0,1301,-0.324638919,-0.389534236
1,0.267323588,0,1303,-0.330903367,-0.393316269
0,0.245388434,0,1304,-0.376361191,-0.419486582
0,0.18218564,0,1305,-0.507340962,-0.4823709
1,0.631999334,1,1306,0.424840846,0.369846647
0,0.129069302,0,1311,-0.617417833,-0.520842398
2,0.112093659,0,1313,-0.6525977,-0.530368858
2,0.245274985,0,1314,-0.3765963,-0.419616114
0,0.646393918,1,1316,0.454671795,0.412667795
1,0.813300229,1,1317,0.800563947,0.979597667
0,0.129361229,0,1318,-0.616812852,-0.520666843
0,0.033973134,0,1319,-0.814492576,-0.556921722
0,0.071554647,0,1320,-0.736609658,-0.547693123
0,0.289850012,0,1321,-0.284220212,-0.364109905
1,0.082705706,0,1322,-0.713500503,-0.543690311
1,0.11162732,0,1324,-0.653564128,-0.530611633
2,0.172012465,0,1325,-0.528423577,-0.490755792
2,0.174730061,0,1326,-0.522791704,-0.488563054
5,0.301680108,0,1327,-0.259703839,-0.347825952
0,0.322023698,1,1328,-0.21754433,-0.318300217
1,0.236179573,0,1329,-0.395445387,-0.429806072
1,0.076220251,0,1330,-0.726940786,-0.546088757
1,0.045833575,0,1331,-0.789913316,-0.554719125
1,0.125359419,0,1334,-0.625106095,-0.523038847
1,0.324252662,0,1335,-0.212925085,-0.314948125
4,0.313401322,0,1338,-0.23541311,-0.331049507
0,0.024632596,0,1339,-0.833849655,-0.558195538
0,0.099171174,0,1340,-0.67937791,-0.536721699
0,0.102756022,0,1345,-0.671948767,-0.535037241
0,0.556108406,0,1346,0.267566527,0.160029777
0,0.323065446,1,1347,-0.215385439,-0.316736432
1,0.540927972,1,1348,0.236107003,0.121277258
0,0.035492229,1,1349,-0.811344444,-0.556676167
1,0.235780959,1,1350,-0.396271464,-0.430243849
0,0.018067696,0,1351,-0.847454578,-0.558847847
0,0.491803263,0,1354,0.134302277,0.003222901
0,0.202818181,0,1355,-0.464582639,-0.463886197
0,0.09110908,0,1356,-0.696085577,-0.540291436
1,0.090740517,0,1357,-0.696849377,-0.540447398
0,0.750633517,1,1358,0.670695138,0.751537218
1,0.073070427,0,1360,-0.733468397,-0.547183
0,0.026265813,0,1361,-0.83046502,-0.558002099
0,0.559943626,1,1362,0.275514533,0.169990008
2,0.597281317,1,1363,0.352892161,0.270534888
0,0.442932749,0,1364,0.033024337,-0.103076446
1,0.094274471,0,1367,-0.689525706,-0.538925932
0,0.020980369,0,1370,-0.841418433,-0.558583189
1,0.537429032,0,1371,0.228855894,0.112497273
1,0.61932099,1,1372,0.398566587,0.332929703
0,0.58426127,0,1373,0.325909765,0.234737063
0,0.543406004,0,1374,0.24124241,0.127529916
2,0.730935088,1,1376,0.629872643,0.683624975
0,0.142785575,0,1377,-0.588992598,-0.512165431
1,0.21022565,0,1379,-0.449231599,-0.456766513
0,0.149716605,0,1380,-0.574628918,-0.507447825
0,0.219092625,0,1381,-0.430855919,-0.44790823
2,0.605823276,1,1382,0.370594287,0.294449073
0,0.397710132,1,1383,-0.060693799,-0.191539504
0,0.401842657,1,1384,-0.052129665,-0.183850725
0,0.570803297,0,1385,0.298019824,0.198564387
0,0.192482003,1,1394,-0.486003056,-0.473394034
1,0.177999566,0,1398,-0.516016069,-0.485879448
2,0.316169927,1,1399,-0.229675527,-0.326993482
4,0.512913017,1,1400,0.178049564,0.052576784
3,0.426791095,1,1401,-0.000427193,-0.135744565
4,0.493985003,1,1402,0.138823656,0.008227639
4,0.520918165,1,1403,0.194639217,0.071834896
7,0.501710878,1,1404,0.154834552,0.026128302
6,0.447725039,1,1405,0.04295575,-0.093144172
4,0.284059533,1,1406,-0.296220245,-0.371842988
5,0.337392987,1,1407,-0.185693428,-0.294716708
2,0.157338152,1,1408,-0.558834228,-0.502002126
4,0.224559848,1,1409,-0.419525793,-0.442264004
2,0.188698728,1,1410,-0.493843414,-0.476749814
2,0.160074791,1,1411,-0.553162891,-0.499980797
2,0.111266497,1,1412,-0.654311888,-0.530798781
2,0.27592446,1,1413,-0.313079151,-0.38244362
2,0.279414344,1,1414,-0.30584681,-0.377933753
2,0.122394951,1,1415,-0.631249579,-0.524747928
1,0.062811963,1,1416,-0.754727762,-0.550426697
0,0.285648275,1,1417,-0.292927779,-0.369736784
0,0.224727754,0,1418,-0.419177829,-0.44208846
0,0.215468635,1,1419,-0.438366178,-0.451572882
0,0.125312559,1,1420,-0.625203206,-0.523066181
1,0.0633865,1,1422,-0.753537107,-0.550257977
0,0.323034008,1,1423,-0.215450591,-0.316783698
0,0.084549409,0,1428,-0.709679663,-0.54297274
0,0.251429755,0,1429,-0.36384132,-0.412502262
1,0.155728131,0,1432,-0.562170793,-0.50317503
0,0.176134345,0,1433,-0.519881503,-0.487416515
1,0.241003048,0,1434,-0.385449347,-0.424450087
2,0.345130298,1,1436,-0.169658833,-0.282428113
2,0.356442485,1,1437,-0.146215761,-0.263960362
0,0.563643437,1,1442,0.283181922,0.179663449
0,0.450324387,1,1443,0.048342569,-0.087712177
0,0.483127946,1,1444,0.116323783,-0.01645841
2,0.601958733,0,1445,0.362585512,0.283587783
1,0.690186716,1,1446,0.545426812,0.548872645
0,0.542840899,1,1447,0.240071302,0.126101508
1,0.50719397,1,1450,0.166197564,0.039001026
5,0.141858428,1,1451,-0.590913992,-0.512779539
0,0.141375996,0,1455,-0.591913771,-0.513097503
3,0.365101387,0,1456,-0.128271285,-0.249421839
3,0.518732228,0,1457,0.19010914,0.066546553
0,0.075682623,0,1459,-0.728054952,-0.546278796
0,0.101248121,0,1460,-0.675073701,-0.535753065
0,0.596216893,1,1461,0.350686277,0.267578706
1,0.414725683,1,1462,-0.025431228,-0.159371079
1,0.436442927,1,1463,0.019575005,-0.116356564
5,0.11290969,1,1466,-0.650906579,-0.5299416
5,0.241737026,1,1467,-0.383928271,-0.423625586
5,0.269845736,1,1468,-0.325676536,-0.390163614
0,0.553597625,1,1469,0.262363252,0.153546247
1,0.262020294,0,1475,-0.341893771,-0.399848753
1,0.302195627,0,1476,-0.258635491,-0.347101537
0,0.616773825,1,1477,0.39328791,0.325603084
1,0.271113794,1,1478,-0.323048646,-0.388567373
0,0.371993808,1,1481,-0.113987617,-0.237599862
0,0.49956312,1,1482,0.150383596,0.021124121
0,0.079559499,1,1484,-0.720020618,-0.544878286
3,0.400406604,1,1485,-0.055105702,-0.186531587
1,0.858283587,0,1487,0.893786249,1.154572161
0,0.373437702,1,1488,-0.11099533,-0.235095266
0,0.392721059,1,1490,-0.071033019,-0.200716037
0,0.286562277,1,1491,-0.291033625,-0.368519764
2,0.228751583,1,1492,-0.410838954,-0.437842345
2,0.172412426,1,1493,-0.527594708,-0.490435234
1,0.115725119,1,1494,-0.645071959,-0.528443704
1,0.199098759,1,1496,-0.472290669,-0.467364813
1,0.240348742,1,1497,-0.386805313,-0.425182976
0,0.343645357,1,1498,-0.172736185,-0.284808139
2,0.483352,0,1499,0.116788107,-0.015954515
1,0.082281139,1,1500,-0.714380365,-0.543853312
1,0.034507726,1,1501,-0.813384701,-0.556836532
0,0.349560054,1,1502,-0.160478726,-0.275267243
0,0.581182675,1,1503,0.319529768,0.226387982
2,0.201572462,1,1504,-0.467164233,-0.465058435
1,0.11824543,1,1505,-0.639848935,-0.527071527
2,0.150406339,1,1506,-0.573199531,-0.506966127
1,0.276504159,0,1507,-0.311877799,-0.381698419
1,0.27048859,0,1508,-0.324344302,-0.38935532
1,0.434984221,0,1509,0.016552022,-0.119314533
1,0.597602518,1,1510,0.353557809,0.271427982
0,0.150073461,1,1511,-0.573889379,-0.507198879
0,0.09526712,0,1513,-0.687468567,-0.538488112
2,0.214792096,0,1514,-0.439768219,-0.452250241
0,0.486070945,1,1515,0.122422775,-0.009821014
0,0.200122199,1,1519,-0.47016972,-0.466414054
0,0.245282751,1,1525,-0.376580206,-0.419607249
0,0.301036481,1,1526,-0.261037674,-0.348728649
0,0.409274971,1,1527,-0.036727137,-0.169822504
1,0.44685426,0,1528,0.041151171,-0.094956854
2,0.593035502,0,1529,0.344093248,0.258774589
0,0.031443656,1,1530,-0.819734598,-0.55730677
3,0.348991065,0,1531,-0.161657883,-0.276192147
3,0.518094399,0,1534,0.18878732,0.065007671
2,0.390298837,0,1535,-0.076052767,-0.20512952
1,0.301692269,1,1537,-0.259678637,-0.347808877
1,0.396970139,0,1538,-0.06222734,-0.192907909
0,0.757388168,1,1540,0.684693295,0.775240321
0,0.034278785,0,1541,-0.813859153,-0.556873178
0,0.17505684,1,1542,-0.522114496,-0.488297072
0,0.110816258,1,1543,-0.655244951,-0.531031458
4,0.325258196,1,1544,-0.210841243,-0.313428354
3,0.183480161,1,1550,-0.504658232,-0.481269391
3,0.209380737,1,1551,-0.450982574,-0.457591504
1,0.158367799,1,1552,-0.556700416,-0.501245701
0,0.214034886,1,1559,-0.441337441,-0.453005843
4,0.2145475,1,1560,-0.440275113,-0.45249461
3,0.245886358,1,1561,-0.375329307,-0.418917359
0,0.655253356,1,1564,0.473031856,0.439502338
0,0.493632096,1,1565,0.138092301,0.007416597
0,0.025249414,0,1566,-0.832571378,-0.558123941
0,0.032600361,1,1567,-0.817337473,-0.557134386
0,0.031127568,1,1568,-0.82038965,-0.557352793
0,0.14238901,1,1569,-0.589814428,-0.512428591
0,0.311624883,1,1570,-0.239094554,-0.333633214
0,0.415803742,1,1574,-0.023197088,-0.157287585
0,0.411221702,0,1575,-0.032692784,-0.166105633
0,0.508845239,0,1576,0.16961961,0.042905145
0,0.164606814,1,1577,-0.543770849,-0.496556713
0,0.56262828,1,1579,0.281078138,0.177002901
0,0.055873831,1,1581,-0.76910616,-0.552342875
0,0.118343391,1,1582,-0.639645923,-0.527017596
0,0.182475516,1,1583,-0.506740231,-0.482124922
2,0.396394469,1,1584,-0.063420343,-0.193970683
0,0.129392631,1,1585,-0.616747775,-0.520647935
0,0.375822544,1,1590,-0.106053048,-0.230937241
0,0.315485541,1,1591,-0.231093831,-0.327999431
0,0.413975949,1,1599,-0.026984957,-0.160816852
0,0.605607714,0,1602,0.370147562,0.293841406
0,0.188659598,1,1604,-0.493924506,-0.476784175
0,0.029242432,1,1605,-0.824296355,-0.557617618
1,0.161086538,0,1606,-0.551066174,-0.499224679
1,0.201105165,0,1607,-0.468132647,-0.465496305
0,0.282647723,0,1608,-0.299146042,-0.373704774
0,0.560500016,0,1609,0.276667581,0.171440663
1,0.386934806,1,1612,-0.083024294,-0.211213759
0,0.557981968,1,1613,0.271449246,0.164886946
0,0.057298414,1,1614,-0.766153892,-0.55196771
0,0.811592312,1,1615,0.797024506,0.973139844
1,0.677554415,1,1617,0.519247971,0.508667551
0,0.41103177,1,1618,-0.033086394,-0.166469044
0,0.249827835,1,1619,-0.367161096,-0.414370776
0,0.124505467,1,1620,-0.626875802,-0.523535363
0,0.0473414,1,1622,-0.78678854,-0.554392203
1,0.31692877,0,1624,-0.228102922,-0.325875543
0,0.047153654,1,1625,-0.78717762,-0.554433486
0,0.504868674,1,1627,0.161378683,0.033524813
1,0.553022308,0,1628,0.26117098,0.152064751
1,0.524136476,0,1629,0.201308758,0.079661291
0,0.279176808,1,1630,-0.306339073,-0.378242511
1,0.72227393,1,1631,0.611923492,0.654336365
0,0.455479374,1,1632,0.059025626,-0.076846509
1,0.68660126,1,1633,0.537996409,0.537385657
0,0.567764301,1,1634,0.29172189,0.19051276
1,0.416227456,1,1635,-0.022318994,-0.15646722
0,0.658096995,1,1636,0.478924937,0.448192938
0,0.475458324,1,1637,0.100429465,-0.033566436
0,0.197700327,1,1638,-0.475188742,-0.468656052
0,0.44262295,1,1639,0.032382318,-0.103714843
0,0.23469502,0,1640,-0.398521935,-0.431432728
0,0.45199589,0,1641,0.051806547,-0.084202537
2,0.594390915,0,1642,0.346902169,0.262519773
1,0.136590439,0,1643,-0.601831231,-0.516192923
1,0.155402796,0,1644,-0.562845008,-0.503410572
0,0.289001747,1,1645,-0.285978133,-0.365252503
0,0.669355183,1,1646,0.502256103,0.482969136
2,0.687676828,0,1647,0.540225388,0.540825251
2,0.587021641,0,1648,0.331630284,0.242260633
1,0.453853916,0,1649,0.05565707,-0.080285996
0,0.122951423,0,1650,-0.630096361,-0.524430228
0,0.489411394,0,1651,0.129345432,-0.0022384
0,0.083517899,0,1657,-0.711817336,-0.543376154
1,0.346393797,0,1658,-0.167040392,-0.280394928
2,0.70851073,1,1662,0.583401006,0.608512848
0,0.185595537,1,1664,-0.500274383,-0.47945263
0,0.439430764,1,1665,0.025766918,-0.110266904
0,0.52866032,1,1671,0.210683851,0.090744024
0,0.045476895,1,1672,-0.790652491,-0.554794912
0,0.725763602,1,1673,0.619155394,0.66609506